Date,Apple_Price,Apple_Vol.
08/29/2025,$232.14,39418440
08/28/2025,$232.56,38074700
08/27/2025,$230.49,31259510
08/26/2025,$229.31,54575110
08/25/2025,$227.16,30983130
08/22/2025,$227.76,42477810
08/21/2025,$224.90,30621250
08/20/2025,$226.01,42263870
08/19/2025,$230.56,39402560
08/18/2025,$230.89,37476190
08/15/2025,$231.59,56038660
08/14/2025,$232.78,51916280
08/13/2025,$233.33,69878550
08/12/2025,$229.65,55672300
08/11/2025,$227.18,61806130
08/08/2025,$229.35,113854000
08/07/2025,$220.03,90224830
08/06/2025,$213.25,108483100
08/05/2025,$202.92,44155080
08/04/2025,$203.35,75109300
08/01/2025,$202.38,104434500
07/31/2025,$207.57,80698430
07/30/2025,$209.05,45512510
07/29/2025,$211.27,51411720
07/28/2025,$214.05,37858020
07/25/2025,$213.88,40268780
07/24/2025,$213.76,46022620
07/23/2025,$214.15,46989300
07/22/2025,$214.40,46404070
07/21/2025,$212.48,51377430
07/18/2025,$211.18,48974590
07/17/2025,$210.02,48068140
07/16/2025,$210.16,47490530
07/15/2025,$209.11,42296340
07/14/2025,$208.62,38840110
07/11/2025,$211.16,39765810
07/10/2025,$212.41,44443640
07/09/2025,$211.14,48749370
07/08/2025,$210.01,42848930
07/07/2025,$209.95,50228980
07/03/2025,$213.55,34955840
07/02/2025,$212.44,67941810
07/01/2025,$207.82,78788870
06/30/2025,$205.17,91912820
06/27/2025,$201.08,73188570
06/26/2025,$201.00,50799120
06/25/2025,$201.56,39525730
06/24/2025,$200.30,54064030
06/23/2025,$201.50,55814270
06/20/2025,$201.00,96813540
06/18/2025,$196.58,45394690
06/17/2025,$195.64,38856150
06/16/2025,$198.42,43020690
06/13/2025,$196.45,51447350
06/12/2025,$199.20,43904640
06/11/2025,$198.78,60989860
06/10/2025,$202.67,54672610
06/09/2025,$201.45,72862560
06/06/2025,$203.92,46607690
06/05/2025,$200.63,55221240
06/04/2025,$202.82,43603990
06/03/2025,$203.27,46381570
06/02/2025,$201.70,35423290
05/30/2025,$200.85,70819940
05/29/2025,$199.95,51477940
05/28/2025,$200.42,45339680
05/27/2025,$200.21,56288480
05/23/2025,$195.27,78432920
05/22/2025,$201.36,46742410
05/21/2025,$202.09,59211770
05/20/2025,$206.86,42496640
05/19/2025,$208.78,46140530
05/16/2025,$211.26,54737850
05/15/2025,$211.45,45029470
05/14/2025,$212.33,49325830
05/13/2025,$212.93,51909330
05/12/2025,$210.79,63775810
05/09/2025,$198.53,36453920
05/08/2025,$197.49,50478870
05/07/2025,$196.25,68616940
05/06/2025,$198.51,51216480
05/05/2025,$198.89,69018450
05/02/2025,$205.35,101010600
05/01/2025,$213.32,57365680
04/30/2025,$212.50,52286450
04/29/2025,$211.21,36827630
04/28/2025,$210.14,38743070
04/25/2025,$209.28,38222260
04/24/2025,$208.37,47310990
04/23/2025,$204.60,52929170
04/22/2025,$199.74,52976370
04/21/2025,$193.16,46742540
04/17/2025,$196.98,52164680
04/16/2025,$194.27,59732420
04/15/2025,$202.14,51343870
04/14/2025,$202.52,101352900
04/11/2025,$198.15,87435920
04/10/2025,$190.42,121880000
04/09/2025,$198.85,184395900
04/08/2025,$172.42,120859500
04/07/2025,$181.46,160466300
04/04/2025,$188.38,125910900
04/03/2025,$203.19,103419000
04/02/2025,$223.89,35905900
04/01/2025,$223.19,36412740
03/31/2025,$222.13,65299320
03/28/2025,$217.90,39818620
03/27/2025,$223.85,37094770
03/26/2025,$221.53,34532660
03/25/2025,$223.75,34493580
03/24/2025,$220.73,44299480
03/21/2025,$218.27,94127770
03/20/2025,$214.10,48862950
03/19/2025,$215.24,54385390
03/18/2025,$212.69,42432430
03/17/2025,$214.00,48073430
03/14/2025,$213.49,60107580
03/13/2025,$209.68,61368330
03/12/2025,$216.98,62547470
03/11/2025,$220.84,76137410
03/10/2025,$227.48,72071200
03/07/2025,$239.07,46273570
03/06/2025,$235.33,45170420
03/05/2025,$235.74,47227640
03/04/2025,$235.93,53798060
03/03/2025,$238.03,47183990
02/28/2025,$241.84,56833360
02/27/2025,$237.30,41153640
02/26/2025,$240.36,44433560
02/25/2025,$247.04,48013270
02/24/2025,$247.10,51326400
02/21/2025,$245.55,53197430
02/20/2025,$245.83,32316910
02/19/2025,$244.87,32204220
02/18/2025,$244.47,48822490
02/14/2025,$244.60,40896230
02/13/2025,$241.53,53614050
02/12/2025,$236.87,45243290
02/11/2025,$232.62,53718360
02/10/2025,$227.65,33115650
02/07/2025,$227.63,39707220
02/06/2025,$233.22,29925350
02/05/2025,$232.47,39664990
02/04/2025,$232.80,45067300
02/03/2025,$228.01,73063300
01/31/2025,$236.00,101075100
01/30/2025,$237.59,55658280
01/29/2025,$239.36,45486100
01/28/2025,$238.26,75707570
01/27/2025,$229.86,94863420
01/24/2025,$222.78,54697910
01/23/2025,$223.66,60234760
01/22/2025,$223.83,64126500
01/21/2025,$222.64,98070430
01/17/2025,$229.98,68488300
01/16/2025,$228.26,71759050
01/15/2025,$237.87,39831970
01/14/2025,$233.28,39435290
01/13/2025,$234.40,49630730
01/10/2025,$236.85,61710860
01/08/2025,$242.70,37628940
01/07/2025,$242.21,40855960
01/06/2025,$245.00,45045570
01/03/2025,$243.36,40244110
01/02/2025,$243.85,55740730
12/31/2024,$250.42,39480720
12/30/2024,$252.20,35557540
12/27/2024,$255.59,42355320
12/26/2024,$259.02,27262980
12/24/2024,$258.20,23234710
12/23/2024,$255.27,40858770
12/20/2024,$254.49,147495300
12/19/2024,$249.79,60882260
12/18/2024,$248.05,56774100
12/17/2024,$253.48,51356360
12/16/2024,$251.04,51694750
12/13/2024,$248.13,33155290
12/12/2024,$247.96,32777530
12/11/2024,$246.49,45205810
12/10/2024,$247.77,36914810
12/09/2024,$246.75,44649230
12/06/2024,$242.84,36870620
12/05/2024,$243.04,40033880
12/04/2024,$243.01,44383940
12/03/2024,$242.65,38861020
12/02/2024,$239.59,48137100
11/29/2024,$237.33,28481380
11/27/2024,$234.93,33498440
11/26/2024,$235.06,45986190
11/25/2024,$232.87,90152830
11/22/2024,$229.87,38168250
11/21/2024,$228.52,42108330
11/20/2024,$229.00,35169570
11/19/2024,$228.28,36211770
11/18/2024,$228.02,44686020
11/15/2024,$225.00,47923700
11/14/2024,$228.22,44923940
11/13/2024,$225.12,48566220
11/12/2024,$224.23,40398300
11/11/2024,$224.23,42005600
11/08/2024,$226.96,38328820
11/07/2024,$227.48,42137690
11/06/2024,$222.72,54561120
11/05/2024,$223.45,28111340
11/04/2024,$222.01,44944470
11/01/2024,$222.91,65276740
10/31/2024,$225.91,64370090
10/30/2024,$230.10,47070910
10/29/2024,$233.67,35417250
10/28/2024,$233.40,36087130
10/25/2024,$231.41,38802300
10/24/2024,$230.57,31109500
10/23/2024,$230.76,52286980
10/22/2024,$235.86,38846580
10/21/2024,$236.48,36254470
10/18/2024,$235.00,46431470
10/17/2024,$232.15,32993810
10/16/2024,$231.78,34082240
10/15/2024,$233.85,64751370
10/14/2024,$231.30,39882090
10/11/2024,$227.55,31759190
10/10/2024,$229.04,28183540
10/09/2024,$229.54,33591090
10/08/2024,$225.77,31855690
10/07/2024,$221.69,39505350
10/04/2024,$226.80,37345100
10/03/2024,$225.67,34044160
10/02/2024,$226.78,32880610
10/01/2024,$226.21,63285050
09/30/2024,$233.00,54793390
09/27/2024,$227.79,34025970
09/26/2024,$227.52,36636710
09/25/2024,$226.37,42308720
09/24/2024,$227.37,43556070
09/23/2024,$226.47,54146020
09/20/2024,$228.20,318679900
09/19/2024,$228.87,66781320
09/18/2024,$220.69,59894930
09/17/2024,$216.79,45519340
09/16/2024,$216.32,59357430
09/13/2024,$222.50,36766620
09/12/2024,$222.77,37498230
09/11/2024,$222.66,44587070
09/10/2024,$220.11,51591030
09/09/2024,$220.91,67179970
09/06/2024,$220.82,48423010
09/05/2024,$222.38,36615400
09/04/2024,$220.85,43840200
09/03/2024,$222.77,50190570
08/30/2024,$229.00,52990770
08/29/2024,$229.79,51906300
08/28/2024,$226.49,38052170
08/27/2024,$228.03,35934560
08/26/2024,$227.18,30602210
08/23/2024,$226.84,38677250
08/22/2024,$224.53,43695320
08/21/2024,$226.40,34765480
08/20/2024,$226.51,30299030
08/19/2024,$225.89,40687810
08/16/2024,$226.05,44340240
08/15/2024,$224.72,46414010
08/14/2024,$221.72,41960570
08/13/2024,$221.27,44155330
08/12/2024,$217.53,38028090
08/09/2024,$216.24,42201650
08/08/2024,$213.31,47161150
08/07/2024,$209.82,63516420
08/06/2024,$207.23,69660490
08/05/2024,$209.27,119548600
08/02/2024,$219.86,105568600
08/01/2024,$218.36,62501000
07/31/2024,$222.08,50036260
07/30/2024,$218.80,41643840
07/29/2024,$218.24,36311780
07/26/2024,$217.96,41601350
07/25/2024,$217.49,51391200
07/24/2024,$218.54,61777580
07/23/2024,$225.01,39960260
07/22/2024,$223.96,48201840
07/19/2024,$224.31,49151450
07/18/2024,$224.18,66034590
07/17/2024,$228.88,57345880
07/16/2024,$234.82,43234280
07/15/2024,$234.40,62631250
07/12/2024,$230.54,53046530
07/11/2024,$227.57,64710620
07/10/2024,$232.98,62627690
07/09/2024,$228.68,48169820
07/08/2024,$227.82,59085860
07/05/2024,$226.34,60412410
07/03/2024,$221.55,37369800
07/02/2024,$220.27,58046180
07/01/2024,$216.75,60402930
06/28/2024,$210.62,82542720
06/27/2024,$214.10,49772710
06/26/2024,$213.25,66213190
06/25/2024,$209.07,56713870
06/24/2024,$208.14,80727010
06/21/2024,$207.49,246421400
06/20/2024,$209.68,86172450
06/18/2024,$214.29,79943250
06/17/2024,$216.67,93728300
06/14/2024,$212.49,70122750
06/13/2024,$214.24,97862730
06/12/2024,$213.07,198134300
06/11/2024,$207.15,172373300
06/10/2024,$193.12,97262080
06/07/2024,$196.89,53103910
06/06/2024,$194.48,41181750
06/05/2024,$195.87,54156790
06/04/2024,$194.35,47471450
06/03/2024,$194.03,50080540
05/31/2024,$192.25,75158280
05/30/2024,$191.29,49947940
05/29/2024,$190.29,53068020
05/28/2024,$189.99,52280050
05/24/2024,$189.98,36326980
05/23/2024,$186.88,51005920
05/22/2024,$190.90,34648550
05/21/2024,$192.35,42309400
05/20/2024,$191.04,44361280
05/17/2024,$189.87,41282930
05/16/2024,$189.84,52845230
05/15/2024,$189.72,70399990
05/14/2024,$187.43,52393620
05/13/2024,$186.28,72044810
05/10/2024,$183.05,50759500
05/09/2024,$184.57,48982970
05/08/2024,$182.74,45057090
05/07/2024,$182.40,77305770
05/06/2024,$181.71,78569670
05/03/2024,$183.38,163224100
05/02/2024,$173.03,94214920
05/01/2024,$169.30,50383150
04/30/2024,$170.33,65934780
04/29/2024,$173.50,68169420
04/26/2024,$169.30,44838350
04/25/2024,$169.89,50558330
04/24/2024,$169.02,48251840
04/23/2024,$166.90,49537760
04/22/2024,$165.84,48116440
04/19/2024,$165.00,68149380
04/18/2024,$167.04,43122900
04/17/2024,$168.00,50901210
04/16/2024,$169.38,73711240
04/15/2024,$172.69,73531770
04/12/2024,$176.55,101670900
04/11/2024,$175.04,91070280
04/10/2024,$167.78,49709340
04/09/2024,$169.67,42451210
04/08/2024,$168.45,37425510
04/05/2024,$169.58,42104830
04/04/2024,$168.82,53704390
04/03/2024,$169.65,47691720
04/02/2024,$168.84,49329480
04/01/2024,$170.03,46240500
03/28/2024,$171.48,65672690
03/27/2024,$173.31,60273270
03/26/2024,$169.71,57388450
03/25/2024,$170.85,54288330
03/22/2024,$172.28,71160140
03/21/2024,$171.37,106181300
03/20/2024,$178.67,53423100
03/19/2024,$176.08,55215240
03/18/2024,$173.72,75604180
03/15/2024,$172.62,121752700
03/14/2024,$173.00,72913510
03/13/2024,$171.13,52488690
03/12/2024,$173.23,59825370
03/11/2024,$172.75,60139470
03/08/2024,$170.73,76267040
03/07/2024,$169.00,71765060
03/06/2024,$169.12,68587710
03/05/2024,$170.12,95132360
03/04/2024,$175.10,81510100
03/01/2024,$179.66,73563080
02/29/2024,$180.75,136682600
02/28/2024,$181.42,48953940
02/27/2024,$182.63,54318850
02/26/2024,$181.16,40867420
02/23/2024,$182.52,45119680
02/22/2024,$184.37,52292210
02/21/2024,$182.32,41529670
02/20/2024,$181.56,53665550
02/16/2024,$182.31,49752470
02/15/2024,$183.86,65434500
02/14/2024,$184.15,54630520
02/13/2024,$185.04,56529530
02/12/2024,$187.15,41781930
02/09/2024,$188.85,45155220
02/08/2024,$188.32,40962050
02/07/2024,$189.41,53438960
02/06/2024,$189.30,43490760
02/05/2024,$187.68,69668820
02/02/2024,$185.85,102551700
02/01/2024,$186.86,64885410
01/31/2024,$184.40,55467800
01/30/2024,$188.04,55859370
01/29/2024,$191.73,47145620
01/26/2024,$192.42,44594010
01/25/2024,$194.17,54822130
01/24/2024,$194.50,53631320
01/23/2024,$195.18,42355590
01/22/2024,$193.89,60133850
01/19/2024,$191.56,68902990
01/18/2024,$188.63,78005750
01/17/2024,$182.68,47317430
01/16/2024,$183.63,65603040
01/12/2024,$185.92,40477780
01/11/2024,$185.59,49128410
01/10/2024,$186.19,46792910
01/09/2024,$185.14,42841810
01/08/2024,$185.56,59144470
01/05/2024,$181.18,62379660
01/04/2024,$181.91,71983570
01/03/2024,$184.25,58414460
01/02/2024,$185.64,82488670
12/29/2023,$192.53,42672150
12/28/2023,$193.58,34049900
12/27/2023,$193.15,48087680
12/26/2023,$193.05,28919310
12/22/2023,$193.60,37149570
12/21/2023,$194.68,46482550
12/20/2023,$194.83,52242820
12/19/2023,$196.94,40714050
12/18/2023,$195.89,55751860
12/15/2023,$197.57,128538400
12/14/2023,$198.11,66831570
12/13/2023,$197.96,70404180
12/12/2023,$194.71,52696900
12/11/2023,$193.18,60943700
12/08/2023,$195.71,53406360
12/07/2023,$194.27,47477660
12/06/2023,$192.32,41089740
12/05/2023,$193.42,66628400
12/04/2023,$189.43,43389520
12/01/2023,$191.24,45704820
11/30/2023,$189.95,48794370
11/29/2023,$189.37,43014220
11/28/2023,$190.40,38415420
11/27/2023,$189.79,40552610
11/24/2023,$189.97,24048340
11/22/2023,$191.31,39630010
11/21/2023,$190.64,38134490
11/20/2023,$191.45,46538610
11/17/2023,$189.69,50941400
11/16/2023,$189.71,54412920
11/15/2023,$188.01,53790500
11/14/2023,$187.44,60108380
11/13/2023,$184.80,43627520
11/10/2023,$186.40,66177920
11/09/2023,$182.41,53763540
11/08/2023,$182.89,49340280
11/07/2023,$181.82,70529970
11/06/2023,$179.23,63841310
11/03/2023,$176.65,79829250
11/02/2023,$177.57,77334750
11/01/2023,$173.97,56934910
10/31/2023,$170.77,44846020
10/30/2023,$170.29,51130960
10/27/2023,$168.22,58499130
10/26/2023,$166.89,70625260
10/25/2023,$171.10,57156960
10/24/2023,$173.44,43816640
10/23/2023,$173.00,55980110
10/20/2023,$172.88,64244030
10/19/2023,$175.46,59302860
10/18/2023,$175.84,54764380
10/17/2023,$177.15,57549350
10/16/2023,$178.72,52516980
10/13/2023,$178.85,51456080
10/12/2023,$180.71,56743120
10/11/2023,$179.80,47551100
10/10/2023,$178.39,43698020
10/09/2023,$178.99,42390770
10/06/2023,$177.49,57266680
10/05/2023,$174.91,48527920
10/04/2023,$173.66,53020290
10/03/2023,$172.40,49594610
10/02/2023,$173.75,52164540
09/29/2023,$171.21,51861080
09/28/2023,$170.69,56294420
09/27/2023,$170.43,66921810
09/26/2023,$171.96,64588950
09/25/2023,$176.08,46172740
09/22/2023,$174.79,56725390
09/21/2023,$173.93,63149120
09/20/2023,$175.49,58436180
09/19/2023,$179.07,51826940
09/18/2023,$177.97,67257570
09/15/2023,$175.01,109259500
09/14/2023,$175.74,60895760
09/13/2023,$174.21,84267930
09/12/2023,$176.30,90370190
09/11/2023,$179.36,58953050
09/08/2023,$178.18,65602070
09/07/2023,$177.56,112488800
09/06/2023,$182.91,81755820
09/05/2023,$189.70,45280030
09/01/2023,$189.46,45766500
08/31/2023,$187.87,60794470
08/30/2023,$187.65,60813890
08/29/2023,$184.12,53003950
08/28/2023,$180.19,43820700
08/25/2023,$178.61,51449590
08/24/2023,$176.38,54945800
08/23/2023,$181.12,52722750
08/22/2023,$177.23,42084250
08/21/2023,$175.84,46311880
08/18/2023,$174.49,61172150
08/17/2023,$174.00,66062880
08/16/2023,$176.57,46964860
08/15/2023,$177.45,43622590
08/14/2023,$179.46,43675630
08/11/2023,$177.79,52036670
08/10/2023,$177.97,54686850
08/09/2023,$178.19,60378490
08/08/2023,$179.80,67823000
08/07/2023,$178.85,97576070
08/04/2023,$181.99,115956800
08/03/2023,$191.17,62243280
08/02/2023,$192.58,50389330
08/01/2023,$195.61,35281430
07/31/2023,$196.45,38824110
07/28/2023,$195.83,48291440
07/27/2023,$193.22,47460180
07/26/2023,$194.50,47471870
07/25/2023,$193.62,37283200
07/24/2023,$192.75,45505100
07/21/2023,$191.94,71951680
07/20/2023,$193.13,59581200
07/19/2023,$195.10,80507320
07/18/2023,$193.73,48353770
07/17/2023,$193.99,50520160
07/14/2023,$190.69,41616240
07/13/2023,$190.54,41342340
07/12/2023,$189.77,60750250
07/11/2023,$188.08,46638120
07/10/2023,$188.61,59922160
07/07/2023,$190.68,46815000
07/06/2023,$191.81,45156010
07/05/2023,$191.33,46920260
07/03/2023,$192.46,31346600
06/30/2023,$193.97,85213220
06/29/2023,$189.59,46347310
06/28/2023,$189.25,51216800
06/27/2023,$188.06,50730850
06/26/2023,$185.27,48088660
06/23/2023,$186.68,53117000
06/22/2023,$187.00,51245330
06/21/2023,$183.96,49515700
06/20/2023,$185.01,49799090
06/16/2023,$184.92,101256200
06/15/2023,$186.01,65433170
06/14/2023,$183.95,57462880
06/13/2023,$183.31,54929130
06/12/2023,$183.79,54755000
06/09/2023,$180.96,48899970
06/08/2023,$180.57,50214880
06/07/2023,$177.82,61944620
06/06/2023,$179.21,64848370
06/05/2023,$179.58,121946500
06/02/2023,$180.95,61996910
06/01/2023,$180.09,68901810
05/31/2023,$177.25,99625290
05/30/2023,$177.30,55964400
05/26/2023,$175.43,54834980
05/25/2023,$172.99,56058260
05/24/2023,$171.84,45143490
05/23/2023,$171.56,50747260
05/22/2023,$174.20,43570930
05/19/2023,$175.16,55809480
05/18/2023,$175.05,65496660
05/17/2023,$172.69,57951600
05/16/2023,$172.07,42110290
05/15/2023,$172.07,37266660
05/12/2023,$172.57,45533140
05/11/2023,$173.75,49514680
05/10/2023,$173.56,53724500
05/09/2023,$171.77,45326870
05/08/2023,$173.50,55962790
05/05/2023,$173.57,113453200
05/04/2023,$165.79,81235430
05/03/2023,$167.45,65136020
05/02/2023,$168.54,48425700
05/01/2023,$169.59,52472940
04/28/2023,$169.68,55275850
04/27/2023,$168.41,64902330
04/26/2023,$163.76,45498800
04/25/2023,$163.77,48714060
04/24/2023,$165.33,41949580
04/21/2023,$165.02,58337340
04/20/2023,$166.65,52456380
04/19/2023,$167.63,47720170
04/18/2023,$166.47,49923010
04/17/2023,$165.23,41516220
04/14/2023,$165.21,49386480
04/13/2023,$165.56,68445650
04/12/2023,$160.10,50133060
04/11/2023,$160.80,47644220
04/10/2023,$162.03,47716880
04/06/2023,$164.66,45390120
04/05/2023,$163.76,51511740
04/04/2023,$165.63,46278300
04/03/2023,$166.17,56976190
03/31/2023,$164.90,68749790
03/30/2023,$162.36,49501690
03/29/2023,$160.77,51305690
03/28/2023,$157.65,45992150
03/27/2023,$158.28,52390270
03/24/2023,$160.25,59256340
03/23/2023,$158.93,67622060
03/22/2023,$157.83,75701810
03/21/2023,$159.28,73938290
03/20/2023,$157.40,73641420
03/17/2023,$155.00,98944630
03/16/2023,$155.85,76254420
03/15/2023,$152.99,77167870
03/14/2023,$152.59,73695890
03/13/2023,$150.47,84457120
03/10/2023,$148.50,68572400
03/09/2023,$150.59,53833580
03/08/2023,$152.87,47204790
03/07/2023,$151.60,56182030
03/06/2023,$153.83,87558030
03/03/2023,$151.03,70732300
03/02/2023,$145.91,52279760
03/01/2023,$145.31,55478990
02/28/2023,$147.41,50547000
02/27/2023,$147.92,44998470
02/24/2023,$146.71,55469610
02/23/2023,$149.40,48394250
02/22/2023,$148.91,51011310
02/21/2023,$148.48,58867230
02/17/2023,$152.55,59144120
02/16/2023,$153.71,68167940
02/15/2023,$155.33,65669250
02/14/2023,$153.20,61707570
02/13/2023,$153.85,62199010
02/10/2023,$151.01,57450710
02/09/2023,$150.87,56007140
02/08/2023,$151.92,64120080
02/07/2023,$154.65,83322550
02/06/2023,$151.73,69858310
02/03/2023,$154.50,154357300
02/02/2023,$150.82,118339000
02/01/2023,$145.43,77663630
01/31/2023,$144.29,65874460
01/30/2023,$143.00,64015270
01/27/2023,$145.93,70555840
01/26/2023,$143.96,54105070
01/25/2023,$141.86,65799350
01/24/2023,$142.53,66435140
01/23/2023,$141.11,81760310
01/20/2023,$137.87,80223630
01/19/2023,$135.27,58280410
01/18/2023,$135.21,69672800
01/17/2023,$135.94,63646630
01/13/2023,$134.76,57809720
01/12/2023,$133.41,71379650
01/11/2023,$133.49,69458950
01/10/2023,$130.73,63896160
01/09/2023,$130.15,70790810
01/06/2023,$129.62,87754720
01/05/2023,$125.02,80962710
01/04/2023,$126.36,89113630
01/03/2023,$125.07,112117500
12/30/2022,$129.93,77034210
12/29/2022,$129.61,75703710
12/28/2022,$126.04,85438390
12/27/2022,$130.03,69007830
12/23/2022,$131.86,63814890
12/22/2022,$132.23,77852110
12/21/2022,$135.45,85927990
12/20/2022,$132.30,77432820
12/19/2022,$132.37,79592610
12/16/2022,$134.51,160156900
12/15/2022,$136.50,98931910
12/14/2022,$143.21,82291180
12/13/2022,$145.47,93886160
12/12/2022,$144.49,70462650
12/09/2022,$142.16,76097010
12/08/2022,$142.65,62128340
12/07/2022,$140.94,69721090
12/06/2022,$142.91,64727190
12/05/2022,$146.63,68826440
12/02/2022,$147.81,65447450
12/01/2022,$148.31,71250420
11/30/2022,$148.03,111380900
11/29/2022,$141.17,83763800
11/28/2022,$144.22,69346520
11/25/2022,$148.11,35195860
11/23/2022,$151.07,58301400
11/22/2022,$150.18,51804130
11/21/2022,$148.01,58724070
11/18/2022,$151.29,74829570
11/17/2022,$150.72,80389400
11/16/2022,$148.79,64218270
11/15/2022,$150.04,89868330
11/14/2022,$148.28,73374110
11/11/2022,$149.70,93979670
11/10/2022,$146.87,118854000
11/09/2022,$134.87,74917790
11/08/2022,$139.50,89908480
11/07/2022,$138.92,83374630
11/04/2022,$138.38,140814800
11/03/2022,$138.88,97918520
11/02/2022,$145.03,93604620
11/01/2022,$150.65,80379350
10/31/2022,$153.34,97943170
10/28/2022,$155.74,164762400
10/27/2022,$144.80,109180200
10/26/2022,$149.35,88436170
10/25/2022,$152.34,74732290
10/24/2022,$149.45,75981920
10/21/2022,$147.27,86548610
10/20/2022,$143.39,64521990
10/19/2022,$143.86,61758340
10/18/2022,$143.75,99136610
10/17/2022,$142.41,85250940
10/14/2022,$138.38,88597970
10/13/2022,$142.99,113224000
10/12/2022,$138.34,70433740
10/11/2022,$138.98,77033670
10/10/2022,$140.42,74899000
10/07/2022,$140.09,85925560
10/06/2022,$145.43,68402170
10/05/2022,$146.40,79470970
10/04/2022,$146.10,87830060
10/03/2022,$142.45,114311700
09/30/2022,$138.20,124925300
09/29/2022,$142.48,128138200
09/28/2022,$149.84,146691400
09/27/2022,$151.76,84442740
09/26/2022,$150.77,93339410
09/23/2022,$150.43,96029910
09/22/2022,$152.74,86652540
09/21/2022,$153.72,101696800
09/20/2022,$156.90,107689800
09/19/2022,$154.48,81474250
09/16/2022,$150.70,162278800
09/15/2022,$152.37,90481110
09/14/2022,$155.31,87965410
09/13/2022,$153.84,122656600
09/12/2022,$163.43,104956000
09/09/2022,$157.37,68081010
09/08/2022,$154.46,84923850
09/07/2022,$155.96,87449570
09/06/2022,$154.53,73714840
09/02/2022,$155.81,76957770
09/01/2022,$157.96,74229900
08/31/2022,$157.22,87991090
08/30/2022,$158.91,77906200
08/29/2022,$161.38,73313950
08/26/2022,$163.62,78960980
08/25/2022,$170.03,51218210
08/24/2022,$167.53,53841520
08/23/2022,$167.23,54147080
08/22/2022,$167.57,69026810
08/19/2022,$171.52,70346300
08/18/2022,$174.15,62290080
08/17/2022,$174.55,79542040
08/16/2022,$173.03,56377050
08/15/2022,$173.19,54091690
08/12/2022,$172.10,68039380
08/11/2022,$168.49,57149160
08/10/2022,$169.24,70170540
08/09/2022,$164.92,63135500
08/08/2022,$164.87,60362340
08/05/2022,$165.35,56696990
08/04/2022,$165.81,55474140
08/03/2022,$166.13,82507490
08/02/2022,$160.01,59907030
08/01/2022,$161.51,67829380
07/29/2022,$162.51,101786900
07/28/2022,$157.35,81378730
07/27/2022,$156.79,78620690
07/26/2022,$151.60,55138690
07/25/2022,$152.95,53623950
07/22/2022,$154.09,66675410
07/21/2022,$155.35,65086640
07/20/2022,$153.04,64823410
07/19/2022,$151.00,82982370
07/18/2022,$147.07,81420870
07/15/2022,$150.17,76259930
07/14/2022,$148.47,78140740
07/13/2022,$145.49,71185560
07/12/2022,$145.86,77588760
07/11/2022,$144.87,63305110
07/08/2022,$147.04,64547800
07/07/2022,$146.35,66253710
07/06/2022,$142.92,74064250
07/05/2022,$141.56,73429640
07/01/2022,$138.93,71051550
06/30/2022,$136.72,98964470
06/29/2022,$139.23,66242410
06/28/2022,$137.44,67315330
06/27/2022,$141.66,70207910
06/24/2022,$141.66,89116840
06/23/2022,$138.27,72433770
06/22/2022,$135.35,73409230
06/21/2022,$135.87,81000490
06/17/2022,$131.56,134520300
06/16/2022,$130.06,107961500
06/15/2022,$135.43,91532970
06/14/2022,$132.76,84784330
06/13/2022,$131.88,122207100
06/10/2022,$137.13,91566640
06/09/2022,$142.64,69472980
06/08/2022,$147.96,53950200
06/07/2022,$148.71,67808150
06/06/2022,$146.14,71598380
06/03/2022,$145.38,88570290
06/02/2022,$151.21,72348060
06/01/2022,$148.71,74286640
05/31/2022,$148.84,103718400
05/27/2022,$149.64,90978500
05/26/2022,$143.78,90601550
05/25/2022,$140.52,92482700
05/24/2022,$140.36,104132700
05/23/2022,$143.11,117726300
05/20/2022,$137.59,137426100
05/19/2022,$137.35,136095600
05/18/2022,$140.82,109742900
05/17/2022,$149.24,78336250
05/16/2022,$145.54,86643780
05/13/2022,$147.11,113990900
05/12/2022,$142.56,182602000
05/11/2022,$146.50,142689800
05/10/2022,$154.51,115366700
05/09/2022,$152.06,131577900
05/06/2022,$157.28,116124600
05/05/2022,$156.77,130525300
05/04/2022,$166.02,108256500
05/03/2022,$159.48,88966530
05/02/2022,$157.96,123055300
04/29/2022,$157.65,131747600
04/28/2022,$163.64,130216800
04/27/2022,$156.57,88063190
04/26/2022,$156.80,95623240
04/25/2022,$162.88,96046380
04/22/2022,$161.79,84882420
04/21/2022,$166.42,87227770
04/20/2022,$167.23,67929810
04/19/2022,$167.40,67723830
04/18/2022,$165.07,69023940
04/14/2022,$165.29,75329380
04/13/2022,$170.40,70618930
04/12/2022,$167.66,79265180
04/11/2022,$165.75,72246710
04/08/2022,$170.09,76575510
04/07/2022,$172.14,77594650
04/06/2022,$171.83,89058780
04/05/2022,$175.06,73401790
04/04/2022,$178.44,76545980
04/01/2022,$174.31,78751330
03/31/2022,$174.61,103049300
03/30/2022,$177.77,92633150
03/29/2022,$178.96,100589400
03/28/2022,$175.60,90371920
03/25/2022,$174.72,80546160
03/24/2022,$174.07,90131420
03/23/2022,$170.21,98062670
03/22/2022,$168.82,81532010
03/21/2022,$165.38,95811350
03/18/2022,$163.98,123511700
03/17/2022,$160.62,75615380
03/16/2022,$159.59,102300200
03/15/2022,$155.09,92964300
03/14/2022,$150.62,108732100
03/11/2022,$154.73,96970100
03/10/2022,$158.52,105342000
03/09/2022,$162.95,91454910
03/08/2022,$157.44,131148300
03/07/2022,$159.30,96418850
03/04/2022,$163.17,83819590
03/03/2022,$166.23,76678440
03/02/2022,$166.56,79724750
03/01/2022,$163.20,83474430
02/28/2022,$165.12,95056630
02/25/2022,$164.85,91974220
02/24/2022,$162.74,141147500
02/23/2022,$160.07,90009250
02/22/2022,$164.32,91162760
02/18/2022,$167.30,82772670
02/17/2022,$168.88,69589340
02/16/2022,$172.55,61177400
02/15/2022,$172.79,64286320
02/14/2022,$168.88,86185530
02/11/2022,$168.64,98670690
02/10/2022,$172.12,90865900
02/09/2022,$176.28,71285040
02/08/2022,$174.83,74829220
02/07/2022,$171.66,77251200
02/04/2022,$172.39,82465400
02/03/2022,$172.90,89418070
02/02/2022,$175.84,84914260
02/01/2022,$174.61,86213910
01/31/2022,$174.78,115541600
01/28/2022,$170.33,179935700
01/27/2022,$159.22,121954600
01/26/2022,$159.69,108275300
01/25/2022,$159.78,115798400
01/24/2022,$161.62,162706700
01/21/2022,$162.41,122848900
01/20/2022,$164.51,91420520
01/19/2022,$166.23,94814990
01/18/2022,$169.80,91168730
01/14/2022,$173.07,80440780
01/13/2022,$172.19,84505760
01/12/2022,$175.53,74805170
01/11/2022,$175.08,76138310
01/10/2022,$172.19,106765600
01/07/2022,$172.17,86709150
01/06/2022,$172.00,96903960
01/05/2022,$174.92,94537600
01/04/2022,$179.70,99310440
01/03/2022,$182.01,104701200
12/31/2021,$177.57,64062260
12/30/2021,$178.20,59773010
12/29/2021,$179.38,62348930
12/28/2021,$179.29,79144340
12/27/2021,$180.33,74919580
12/23/2021,$176.28,68356570
12/22/2021,$175.64,92135300
12/21/2021,$172.99,91185910
12/20/2021,$169.75,107499100
12/17/2021,$171.14,195923400
12/16/2021,$172.26,150185800
12/15/2021,$179.30,131063300
12/14/2021,$174.33,139380400
12/13/2021,$175.74,153237000
12/10/2021,$179.45,115402700
12/09/2021,$174.56,108923700
12/08/2021,$175.08,116998900
12/07/2021,$171.18,120405400
12/06/2021,$165.32,107497000
12/03/2021,$161.84,118023100
12/02/2021,$163.76,136739200
12/01/2021,$164.77,152423000
11/30/2021,$165.30,174048100
11/29/2021,$160.24,88748220
11/26/2021,$156.81,76959750
11/24/2021,$161.94,69463620
11/23/2021,$161.41,96041900
11/22/2021,$161.02,117467900
11/19/2021,$160.55,117305600
11/18/2021,$157.87,137827700
11/17/2021,$153.49,88807000
11/16/2021,$151.00,59256210
11/15/2021,$150.00,59222800
11/12/2021,$149.99,63804010
11/11/2021,$147.87,40999950
11/10/2021,$147.92,65187090
11/09/2021,$150.81,56787930
11/08/2021,$150.44,55020870
11/05/2021,$151.28,65463880
11/04/2021,$150.96,60394620
11/03/2021,$151.49,54511530
11/02/2021,$150.02,69121990
11/01/2021,$148.96,74588260
10/29/2021,$149.80,124953200
10/28/2021,$152.57,100077900
10/27/2021,$148.85,56094930
10/26/2021,$149.32,60893400
10/25/2021,$148.64,50720560
10/22/2021,$148.69,58883440
10/21/2021,$149.48,61420990
10/20/2021,$149.26,58418790
10/19/2021,$148.76,76378890
10/18/2021,$146.55,85589180
10/15/2021,$144.84,67940330
10/14/2021,$143.76,69907100
10/13/2021,$140.91,78762720
10/12/2021,$141.51,73035860
10/11/2021,$142.81,64452220
10/08/2021,$142.90,58773160
10/07/2021,$143.29,61732660
10/06/2021,$142.00,83221120
10/05/2021,$141.11,80861060
10/04/2021,$139.14,98322010
10/01/2021,$142.65,94639580
09/30/2021,$141.50,89056660
09/29/2021,$142.83,74602040
09/28/2021,$141.91,108972300
09/27/2021,$145.37,74150730
09/24/2021,$146.92,53477870
09/23/2021,$146.83,64838170
09/22/2021,$145.85,76404340
09/21/2021,$143.43,75833960
09/20/2021,$142.94,123478900
09/17/2021,$146.06,129868800
09/16/2021,$148.79,68034150
09/15/2021,$149.03,83281320
09/14/2021,$148.12,109296300
09/13/2021,$149.55,102404300
09/10/2021,$148.97,140893200
09/09/2021,$154.07,57305730
09/08/2021,$155.11,74420210
09/07/2021,$156.69,82278260
09/03/2021,$154.30,57866070
09/02/2021,$153.65,71171320
09/01/2021,$152.51,80313710
08/31/2021,$151.83,86453120
08/30/2021,$153.12,90956720
08/27/2021,$148.60,55802390
08/26/2021,$147.54,48597200
08/25/2021,$148.36,58991300
08/24/2021,$149.62,48606430
08/23/2021,$149.71,60131810
08/20/2021,$148.19,60549630
08/19/2021,$146.70,86960310
08/18/2021,$146.36,86325990
08/17/2021,$150.19,92229740
08/16/2021,$151.12,103558800
08/13/2021,$149.10,59375010
08/12/2021,$148.89,73779110
08/11/2021,$145.86,48493460
08/10/2021,$145.60,69023080
08/09/2021,$146.09,48908690
08/06/2021,$146.14,54126810
08/05/2021,$147.06,46397670
08/04/2021,$146.95,56368270
08/03/2021,$147.36,64786620
08/02/2021,$145.52,62879960
07/30/2021,$145.86,70440630
07/29/2021,$145.64,56699480
07/28/2021,$144.98,118931200
07/27/2021,$146.77,104818600
07/26/2021,$148.99,72434090
07/23/2021,$148.56,71447420
07/22/2021,$146.80,77338160
07/21/2021,$145.40,74993460
07/20/2021,$146.15,96350040
07/19/2021,$142.45,121434600
07/16/2021,$146.39,93251430
07/15/2021,$148.48,106820300
07/14/2021,$149.15,127050800
07/13/2021,$145.64,100827100
07/12/2021,$144.50,76299720
07/09/2021,$145.11,99890800
07/08/2021,$143.24,105575500
07/07/2021,$144.57,104911600
07/06/2021,$142.02,108181800
07/02/2021,$139.96,78945570
07/01/2021,$137.27,52485780
06/30/2021,$136.96,63261390
06/29/2021,$136.33,64556080
06/28/2021,$134.78,62111300
06/25/2021,$133.11,70783750
06/24/2021,$133.41,68711000
06/23/2021,$133.70,60214200
06/22/2021,$133.98,74783620
06/21/2021,$132.30,79663320
06/18/2021,$130.46,108953300
06/17/2021,$131.79,96721670
06/16/2021,$130.15,91815030
06/15/2021,$129.64,62746330
06/14/2021,$130.48,96906490
06/11/2021,$127.35,53522370
06/10/2021,$126.11,71186420
06/09/2021,$127.13,56877940
06/08/2021,$126.74,74403770
06/07/2021,$125.90,71057550
06/04/2021,$125.89,75169340
06/03/2021,$123.54,76229170
06/02/2021,$125.06,59278860
06/01/2021,$124.28,67637120
05/28/2021,$124.61,71311110
05/27/2021,$125.28,94625600
05/26/2021,$126.85,56575920
05/25/2021,$126.90,72009480
05/24/2021,$127.10,63092950
05/21/2021,$125.43,79295440
05/20/2021,$127.31,76857120
05/19/2021,$124.69,92611990
05/18/2021,$124.85,63342930
05/17/2021,$126.27,74116550
05/14/2021,$127.45,81917950
05/13/2021,$124.97,105861300
05/12/2021,$122.77,112172300
05/11/2021,$125.91,126142800
05/10/2021,$126.85,88071230
05/07/2021,$130.21,78973270
05/06/2021,$129.74,78128330
05/05/2021,$128.10,84000900
05/04/2021,$127.85,137564700
05/03/2021,$132.54,75135100
04/30/2021,$131.46,109839500
04/29/2021,$133.48,151101000
04/28/2021,$133.58,107760100
04/27/2021,$134.39,66015800
04/26/2021,$134.72,66905070
04/23/2021,$134.32,78756780
04/22/2021,$131.94,84566460
04/21/2021,$133.50,68847140
04/20/2021,$133.11,94812350
04/19/2021,$134.84,94264220
04/16/2021,$134.16,84922390
04/15/2021,$134.50,89347100
04/14/2021,$132.03,87222780
04/13/2021,$134.43,91266550
04/12/2021,$131.24,91419980
04/09/2021,$133.00,106686700
04/08/2021,$130.36,88844590
04/07/2021,$127.90,83466720
04/06/2021,$126.21,80171250
04/05/2021,$125.90,88651180
04/01/2021,$123.00,75089130
03/31/2021,$122.15,118323800
03/30/2021,$119.90,85671920
03/29/2021,$121.39,80819200
03/26/2021,$121.21,94071230
03/25/2021,$120.59,98844680
03/24/2021,$120.09,88530490
03/23/2021,$122.54,95467140
03/22/2021,$123.39,111912300
03/19/2021,$119.99,185549500
03/18/2021,$120.53,121469800
03/17/2021,$124.76,111932600
03/16/2021,$125.57,115227900
03/15/2021,$123.99,92590560
03/12/2021,$121.03,88105050
03/11/2021,$121.96,103026500
03/10/2021,$119.98,111943300
03/09/2021,$121.09,129525800
03/08/2021,$116.36,154376600
03/05/2021,$121.42,153766600
03/04/2021,$120.13,178155000
03/03/2021,$122.06,112966300
03/02/2021,$125.12,102260900
03/01/2021,$127.79,116307900
02/26/2021,$121.26,164560400
02/25/2021,$120.99,148199500
02/24/2021,$125.35,111039900
02/23/2021,$125.86,158273000
02/22/2021,$126.00,103916400
02/19/2021,$129.87,87668830
02/18/2021,$129.71,96856750
02/17/2021,$130.84,98085250
02/16/2021,$133.19,80576320
02/12/2021,$135.37,60145130
02/11/2021,$135.13,64280030
02/10/2021,$135.39,73046560
02/09/2021,$136.01,76774210
02/08/2021,$136.91,71297210
02/05/2021,$136.76,75693830
02/04/2021,$137.39,84183060
02/03/2021,$133.94,89880940
02/02/2021,$134.99,83305370
02/01/2021,$134.14,106239800
01/29/2021,$131.96,177523800
01/28/2021,$137.09,142621100
01/27/2021,$142.06,140843800
01/26/2021,$143.16,98390560
01/25/2021,$142.92,157611700
01/22/2021,$139.07,114459400
01/21/2021,$136.87,120529500
01/20/2021,$132.03,104319500
01/19/2021,$127.83,90757330
01/15/2021,$127.14,111598500
01/14/2021,$128.91,90221760
01/13/2021,$130.89,88636830
01/12/2021,$128.80,91951150
01/11/2021,$128.98,100620900
01/08/2021,$132.05,105158200
01/07/2021,$130.92,109578200
01/06/2021,$126.60,155088000
01/05/2021,$131.01,97664900
01/04/2021,$129.41,143301900
12/31/2020,$132.69,99116590
12/30/2020,$133.72,96452120
12/29/2020,$134.87,121047300
12/28/2020,$136.69,124486200
12/24/2020,$131.97,54930060
12/23/2020,$130.96,88223690
12/22/2020,$131.88,169351800
12/21/2020,$128.23,121251600
12/18/2020,$126.66,192541500
12/17/2020,$128.70,94359810
12/16/2020,$127.81,98208590
12/15/2020,$127.88,157572300
12/14/2020,$121.78,79075990
12/11/2020,$122.41,86939790
12/10/2020,$123.24,81312170
12/09/2020,$121.78,115089200
12/08/2020,$124.38,82225510
12/07/2020,$123.75,86711990
12/04/2020,$122.25,78260420
12/03/2020,$122.94,78967630
12/02/2020,$123.08,89004200
12/01/2020,$122.72,128166800
11/30/2020,$119.05,169410200
11/27/2020,$116.59,46691330
11/25/2020,$116.03,76499230
11/24/2020,$115.17,113874200
11/23/2020,$113.85,127959300
11/20/2020,$117.34,73604290
11/19/2020,$118.64,74112970
11/18/2020,$118.03,76322110
11/17/2020,$119.39,74270970
11/16/2020,$120.30,91183020
11/13/2020,$119.26,81688590
11/12/2020,$119.21,103350700
11/11/2020,$119.49,112295000
11/10/2020,$115.97,138023400
11/09/2020,$116.32,154515300
11/06/2020,$118.69,114457900
11/05/2020,$119.03,126387100
11/04/2020,$114.95,138235500
11/03/2020,$110.44,107624400
11/02/2020,$108.77,122866900
10/30/2020,$108.86,190573500
10/29/2020,$115.32,146129200
10/28/2020,$111.20,143937800
10/27/2020,$116.60,92276770
10/26/2020,$115.05,111850700
10/23/2020,$115.04,82572650
10/22/2020,$115.75,101988000
10/21/2020,$116.87,89945980
10/20/2020,$117.51,124423700
10/19/2020,$115.98,120639300
10/16/2020,$119.02,115393800